7mer,true label,avg_z_score,lir_type,_ID
DDDWEDI,1,4.11,...[FWY]..[LVI],DIDNFDIDDFDDDDDWEDICII
DDMWEHI,1,3.99,...[FWY]..[LVI],LWQPHSSKQDDMWEHIAISML
DGSWALL,1,3.85,...[FWY]..[LVI],VIEEADLDGDGSWALLTSRT
DDEWCYV,1,3.8,...[FWY]..[LVI],QIPENSTSSQADDEWCYVLI
DLGWDIL,1,3.8,...[FWY]..[LVI],LHNPESGEEAVALLEELQRDLGWDILA
REDWDML,1,3.71,...[FWY]..[LVI],EDWDMLDVDEDEKLTGEEEFELLLVRLV
EEEFELL,1,3.71,...[FWY]..[LVI],EDWDMLDVDEDEKLTGEEEFELLLVRLV
AMEWVII,1,3.67,...[FWY]..[LVI],ASTISSNASKGREAMEWVIIN
DDDWEYL,1,3.67,...[FWY]..[LVI],RPSETGSDDDWEYLLNSDYHQNVESHL
VRPFSNW,1,3.65,...[FWY]..[WFY],LINILLPGSLEPVRPFSNWEVLDS
TAAYQPI,1,3.62,...[FWY]..[LVI],DIDNFDIDDFDDDDDWEDIMHNLAASKSSTAAYQPI
RDVWEIL,1,3.58,...[FWY]..[LVI],DVWEILRRHRHLSTSASPSSTASLTCAAC
QEEWTLL,1,3.55,...[FWY]..[LVI],AVNFTQEEWTLLDISQKNLS
SELFEDL,1,3.53,...[FWY]..[LVI],EKNVYCQQTLCTSELFEDLTWFLSNDQTLI
LMSWVML,1,3.52,...[FWY]..[LVI],SVSTLLDTNILAPATDLLMSWVML
DADWDDL,1,3.43,...[FWY]..[LVI],KLEVPTGPEVQTPKPSDADWDDLWTSLMGGGI
DDLWTSL,1,3.43,...[FWY]..[LVI],KLEVPTGPEVQTPKPSDADWDDLWTSLMGGGI
EKAFTDL,1,3.42,...[FWY]..[LVI],GMKYIETSARDAINVEKAFTDLTRDIYELVKRGENY
RDIYELV,1,3.42,...[FWY]..[LVI],GMKYIETSARDAINVEKAFTDLTRDIYELVKRGENY
LRPYDSY,1,3.39,...[FWY]..[WFY],PYDSYNPSVLRGPLLGHTDAVWGLL
DAVWGLL,1,3.39,...[FWY]..[LVI],PYDSYNPSVLRGPLLGHTDAVWGLL
EAEWEDL,1,3.36,...[FWY]..[LVI],YLGQLEHEDIDTSADAVEDLTEAEWEDLTQQYYSLV
DEGWETL,1,3.31,...[FWY]..[LVI],VLDGTDAWDSATETKTFLVSQDIQDEGWETLEVSSA
EEIWEEL,1,3.3,...[FWY]..[LVI],MEGGHAPEEEIWEELSVMEVYDGREHSAYGEPRKLL
RTLFNQV,1,3.28,...[FWY]..[LVI],VNVVSVDTARTLFNQVMEKEFEDGIINWVVL
IINWVVL,1,3.28,...[FWY]..[LVI],VNVVSVDTARTLFNQVMEKEFEDGIINWVVL
DDHFWEL,1,3.27,...[FWY]..[LVI],VLESSQENEDDHFWELLSTTTKQ
VDSWEEI,1,3.25,...[FWY]..[LVI],LEFLEELKKINYQVDSWEEI
DSLYEFL,1,3.24,...[FWY]..[LVI],PLEQVADDSLYEFLDFVDATDRYRSL
DEDWGSL,1,3.24,...[FWY]..[LVI],TADRWDDEDWGSLEQEAESVLAQQDDWSTGGQVSRA
ESGYPFI,1,3.18,...[FWY]..[LVI],PRDYSGENPSKCEDCGPLQASLESGYPFIIISE
SENWEII,1,3.14,...[FWY]..[LVI],SSENWEIIREDEATMYSSQAFPSPPPSSNLDVPTHL
PHNFNRF,1,3.13,...[FWY]..[WFY],FPPHQQHPQFNQPPHPHNFNRFPPRFMQDDSATAA
ETLFEEF,1,3.13,...[FWY]..[WFY],MEDLEETLFEEFETIPMTWTLLSGV
PMTWTLL,1,3.13,...[FWY]..[LVI],MEDLEETLFEEFETIPMTWTLLSGV
TELWDQF,1,3.11,...[FWY]..[WFY],MDWGTELWDQFEVLERHTQWGLDLLDRM
PNSWLIL,1,3.1,...[FWY]..[LVI],GWDAMKGTTTIEKYDLPNSWLILAP
ESDWETL,1,3.03,...[FWY]..[LVI],SRPSPDSSESDWETLDPSVLEDPNLKEREQLGSDQT
EESWLSV,1,3.02,...[FWY]..[LVI],AASWESQRARDTLPQSESHQEESWLSVGPGGEITEL
SEEWEDL,1,3.0,...[FWY]..[LVI],YILNGGSEEWEDLTSAPSAAVTAEKNSVLPGERLVR
KHCFECY,1,2.95,...[FWY]..[WFY],MNNDKHCFECYGYDIIIDES
CYGYDII,1,2.95,...[FWY]..[LVI],MNNDKHCFECYGYDIIIDES
SNNFQIL,1,2.95,...[FWY]..[LVI],ESTQHILNPNTSLNSNNFQILHSSHPQGNYSNSKLS
ETEYSLL,1,2.94,...[FWY]..[LVI],ETEYSLLHMPSTDPRHARSPEDEYELLMPHRISSHF
EDEYELL,1,2.94,...[FWY]..[LVI],ETEYSLLHMPSTDPRHARSPEDEYELLMPHRISSHF
EEEWTLL,1,2.91,...[FWY]..[LVI],NEPWEEEWTLLGKEELSGSLLQSVQEALEERSLTIR
LNSFTVL,1,2.91,...[FWY]..[LVI],LLLEPGNSEMQIPVKQNEARTETLNSFTVLETVIE
LDSYDLL,1,2.85,...[FWY]..[LVI],HSVVPLLDSYDLLSYDDLSH
LLSYDDL,1,2.85,...[FWY]..[LVI],HSVVPLLDSYDLLSYDDLSH
DLTWLEW,1,2.85,...[FWY]..[WFY],EDLTWLEWEELKIPLHGRPIYPNVNVKL
RPIYPNV,1,2.85,...[FWY]..[LVI],EDLTWLEWEELKIPLHGRPIYPNVNVKL
SHAFIDL,1,2.84,...[FWY]..[LVI],PHSHAFIDLTEDFTADLFLTTLNATTSTFQFEI
SASYLEV,1,2.82,...[FWY]..[LVI],IYNTPSASYLEVTPDSENDFGNYTVLQ
ENDFGNY,1,2.82,...[FWY]..[WFY],IYNTPSASYLEVTPDSENDFGNYTVLQ
DDEWEEL,1,2.8,...[FWY]..[LVI],EDPSDDEWEELSSSDESDAFMENSFSECGGQLFSPL
GQLFSPL,1,2.8,...[FWY]..[LVI],EDPSDDEWEELSSSDESDAFMENSFSECGGQLFSPL
EEDWETI,1,2.8,...[FWY]..[LVI],NAEYEYEVTEEDWETIILVFPQRMPND
DEVWVQV,1,2.8,...[FWY]..[LVI],ESSTEWDLDSFSELDSESGSSSSFSDDEVWVQVAPQ
LQCWMLL,1,2.75,...[FWY]..[LVI],NTLSSGADYPDELQCWMLLC
TIEYEHL,1,2.74,...[FWY]..[LVI],LTNSTIEYEHLESEVSALHDDLWEQLNLDTQNEVLN
DDLWEQL,1,2.74,...[FWY]..[LVI],LTNSTIEYEHLESEVSALHDDLWEQLNLDTQNEVLN
DDRFETL,1,2.74,...[FWY]..[LVI],PTGEPQQEDDEFLMATDVDDRFETLEPEVSHEETEH
SLEWDIL,1,2.74,...[FWY]..[LVI],TEGSLEWDILEVKRLLDHQDNILSLINVNI
PNTFPTV,1,2.73,...[FWY]..[LVI],SKTMMHILSQPNTFPTVVNSIN
ADPYEII,1,2.7,...[FWY]..[LVI],TEEQLKEKFPEADPYEIIESFNVVAKEVFVVLF
IESFNVV,1,2.7,...[FWY]..[LVI],TEEQLKEKFPEADPYEIIESFNVVAKEVFVVLF
KEVFVVL,1,2.7,...[FWY]..[LVI],TEEQLKEKFPEADPYEIIESFNVVAKEVFVVLF
SVAFEDV,1,2.69,...[FWY]..[LVI],MMFQDSVAFEDVAVSFTQEEWALLDFPEESLP
QEEWALL,1,2.69,...[FWY]..[LVI],MMFQDSVAFEDVAVSFTQEEWALLDFPEESLP
SLNWVYL,1,2.69,...[FWY]..[LVI],ELDPALDNVLERTSLNWVYL
DILWEHL,1,2.66,...[FWY]..[LVI],APDFVGDILWEHLEILQKEDVKPYQVNGVNPAYPES
ISDWGEL,1,2.65,...[FWY]..[LVI],SDNLPVAIKHVEKDRISDWGELLMAPVCRWKWSC
PEAWGLL,1,2.65,...[FWY]..[LVI],GPGEDRETLGLKTSSSLPEAWGLLDDDDGMYGEREA
KGLFAPL,1,2.64,...[FWY]..[LVI],LLSLYDNKLQTISKGLFAPLQSI
GEEWCVI,1,2.63,...[FWY]..[LVI],MAEGDAGSDQRQNEEIEAMAAIYGEEWCVIDDCAKI
KAHYFGV,1,2.62,...[FWY]..[LVI],LLASKAHYFGVGGGVHSFRSL
VHSFRSL,1,2.62,...[FWY]..[LVI],LLASKAHYFGVGGGVHSFRSL
ESEFTEF,1,2.61,...[FWY]..[WFY],ESEDEESYDTESEFTEFTEDNWPYDDWCLVASV
NWPYDDW,1,2.61,...[FWY]..[WFY],ESEDEESYDTESEFTEFTEDNWPYDDWCLVASV
TLDWEIV,1,2.61,...[FWY]..[LVI],QTLDWEIVELTNKLLDARTPSTSWRSLASGTRGIA
STSWRSL,1,2.61,...[FWY]..[LVI],QTLDWEIVELTNKLLDARTPSTSWRSLASGTRGIA
DDTFEVL,1,2.6,...[FWY]..[LVI],MNPDDTFEVLVDQTVVNKGSLLEDVVPPIKPPKEIE
TKSWEII,1,2.58,...[FWY]..[LVI],VVEKEELNMIDNFFSEPTTKSWEIITVEEAKRRKST
DEDFLDL,1,2.57,...[FWY]..[LVI],ISQGTLTNETRCLTCETISSKDEDFLDLSVDVEQNT
LDSWVHI,1,2.56,...[FWY]..[LVI],TQWQPRNCDPMVDFLDSWVHIIPV
ETQFSHL,1,2.56,...[FWY]..[LVI],SPEDEYELLIPHRISSHFLQQPRPLMAPSETQFSHL
DCEWFVV,1,2.55,...[FWY]..[LVI],NINIGPGDCEWFVVPEDYWVF
PEDYWVF,1,2.55,...[FWY]..[WFY],NINIGPGDCEWFVVPEDYWVF
QQSYQHV,1,2.53,...[FWY]..[LVI],LLDTALQTPVSKQDDVVQLELPVTEAQQSYQHV
HSIFMDL,1,2.51,...[FWY]..[LVI],ALEDSEQKHNLLHSIFMDLEDLSIIFETDD
EENWTVL,1,2.51,...[FWY]..[LVI],REVKSYLIETLHSLIDNLYPEENWTVLL
QDLYDDF,1,2.49,...[FWY]..[WFY],QFSAGGCTFDDGPGACDYHQDLYDDFEWVHVSAQEP
DFEWVHV,1,2.49,...[FWY]..[LVI],QFSAGGCTFDDGPGACDYHQDLYDDFEWVHVSAQEP
TKDFEEL,1,2.48,...[FWY]..[LVI],LEAERSLMSSPEDLTKDFEELKAEEVDVTKDIKPQL
RPLYMNL,1,2.48,...[FWY]..[LVI],PLYMNLQKLLEMVREDARRTVTIENGMQRKAPSLLS
LRFFQNV,1,2.48,...[FWY]..[LVI],FFQNVIKETRAEPKKVTSGSSTLFWAI
STLFWAI,1,2.48,...[FWY]..[LVI],FFQNVIKETRAEPKKVTSGSSTLFWAI
SGQWIIL,1,2.48,...[FWY]..[LVI],KDPNVIPNLKLLSDSSGQWIILGTE
ELAWDML,1,2.47,...[FWY]..[LVI],PNDSVLENKSLQENEEEEIGNLELAWDMLDLAEIMF
DESWGFI,1,2.47,...[FWY]..[LVI],VDEIYHDESWGFILILPSSA
QEEWELL,1,2.45,...[FWY]..[LVI],MDFSQEEWELLVPAQKNLYREVMLENYRNVVSLEAL
KNLYREV,1,2.45,...[FWY]..[LVI],MDFSQEEWELLVPAQKNLYREVMLENYRNVVSLEAL
LENYRNV,1,2.45,...[FWY]..[LVI],MDFSQEEWELLVPAQKNLYREVMLENYRNVVSLEAL
LRAFESY,1,2.43,...[FWY]..[WFY],LTDSALRAFESYRARQDSVSLRPSIRFQGSQGHISI
LRLFHHL,1,2.42,...[FWY]..[LVI],LFHHLRIHTGEKPYQCNQCNKSFSRR
EEDFEIL,1,2.41,...[FWY]..[LVI],VPPAKPEVTTTGAEFIDSTEQLEEFDLEEDFEILSV
EDDFETF,1,2.4,...[FWY]..[WFY],SVATEESADPLSEDDFETFYEIWEKFDPDATQFIE
ETFYEIW,1,2.4,...[FWY]..[WFY],SVATEESADPLSEDDFETFYEIWEKFDPDATQFIE
LNSYLSL,1,2.4,...[FWY]..[LVI],KEELVMSSLKRLNSYLSLPKFRSFRTY
LPKFRSF,1,2.4,...[FWY]..[WFY],KEELVMSSLKRLNSYLSLPKFRSFRTY
GTRYQHL,1,2.39,...[FWY]..[LVI],VSSPKPQIIYGARGTRYQHL
PLRFIAI,1,2.33,...[FWY]..[LVI],FIAIKSIDKSNLTSKVSNIAQVYPSSKS
DDLWDQF,1,2.31,...[FWY]..[WFY],KLEVPTGPEVQTPKPSDADWDDLWDQFDERRYLNAI
NNAFQAL,1,2.31,...[FWY]..[LVI],MHKLNNAFQALREVIPHVRADKKLSKIETLTPA
IAEYEIL,1,2.3,...[FWY]..[LVI],TQWIAEYEILHVPKEPKMELYEKKAQLSKYKSLQQ
LSKYKSL,1,2.3,...[FWY]..[LVI],TQWIAEYEILHVPKEPKMELYEKKAQLSKYKSLQQ
LPEFFVF,1,2.3,...[FWY]..[WFY],MNEMTASLPATTDLPEFFVFL
INKFVQF,1,2.3,...[FWY]..[WFY],INKFVQFIHKYITYNAPAASPSCRSTPTRSI
IHKYITY,1,2.3,...[FWY]..[WFY],INKFVQFIHKYITYNAPAASPSCRSTPTRSI
GYLFAVI,1,2.27,...[FWY]..[LVI],KLIGVHCTHGLNRTGYLFAVI
DDGWEFV,1,2.26,...[FWY]..[LVI],NMSDDDGWEFVNLGDQHSFGIKTAGLEEKSTACQML
PLRFVRF,1,2.25,...[FWY]..[WFY],FVRFHEDGARTKALLGKLFAAMNL
PALFKSY,1,2.24,...[FWY]..[WFY],PALFKSYAEYGHFVHSYCSFGSSC
YAEYGHF,1,2.24,...[FWY]..[WFY],PALFKSYAEYGHFVHSYCSFGSSC
VHSYCSF,1,2.24,...[FWY]..[WFY],PALFKSYAEYGHFVHSYCSFGSSC
EPIYLSL,1,2.23,...[FWY]..[LVI],RMPTFPSTEPIYLSLPGQSHISHIL
MTFFNKV,1,2.21,...[FWY]..[LVI],RDAAQALMTFFNKVLPMNQKTV
EQDFIDL,1,2.21,...[FWY]..[LVI],MAPASASGEDLRKLPTMAEVNGEQDFIDLTRETRPR
DEGWHIL,1,2.21,...[FWY]..[LVI],ADEGWHILQDKSDDFLLGNHGYDNALADMHPIFLAH
MGNYQEY,1,2.19,...[FWY]..[WFY],SVPIAQMGNYQEYPSTFSTA
SSAFMVI,1,2.19,...[FWY]..[LVI],LVGIMPLSSAFMVILLSRHQRCSPHLHSTSFLLRTS
INHWCGL,1,2.19,...[FWY]..[LVI],KEQEVWKPGHNILVKMRKKINHWCGLFIQHLLATH
ANRFEEV,1,2.18,...[FWY]..[LVI],KPVPQDTKFIHTKANRFEEVAWSKYNPRDHSTFTS
EVAWSKY,1,2.18,...[FWY]..[WFY],KPVPQDTKFIHTKANRFEEVAWSKYNPRDHSTFTS
TEGWEEV,1,2.15,...[FWY]..[LVI],EAELVSEETEGWEEVELELDEATRMNVVTSALEASG
ILSYPSL,1,2.15,...[FWY]..[LVI],IADIHPIQVQPGRILSYPSLVGIRI
PRSFLAW,1,2.14,...[FWY]..[WFY],YFTATPRSFLAWGAQTFTSGNITGRSM
HAAFKHL,1,2.14,...[FWY]..[LVI],MTLNEHAAFKHLFNKAHLARR
SQVFQPY,1,2.14,...[FWY]..[WFY],HGLSDLSQVFQPYTLRTRRNSTQL
PLQYVFV,1,2.13,...[FWY]..[LVI],SWIPSSVAEALGIVPLQYVFV
GDDFELL,1,2.12,...[FWY]..[LVI],LRSPSSDLDTDAEGDDFELLDQSELSQLDPASSLA
IKAYDGV,1,2.11,...[FWY]..[LVI],MSRLSKVAPVIKAYDGVWYHNGQLPTVG
PEDFWEI,1,2.11,...[FWY]..[LVI],PEDFWEIIGELGDGAFGKVYKAQNKETSVLAAAKVI
DGAFGKV,1,2.11,...[FWY]..[LVI],PEDFWEIIGELGDGAFGKVYKAQNKETSVLAAAKVI
PAMYRLL,1,2.09,...[FWY]..[LVI],ELESNLAVVNGANISVIQHESPAMYRLL
LAGYIWY,1,2.09,...[FWY]..[WFY],PQNLAGYIWYKGQMKASTITFHHT
PLRFPQI,1,2.09,...[FWY]..[LVI],FPQIVNSNPLTEAFRVNWLSGLL
DGNWNIL,1,2.09,...[FWY]..[LVI],ISWLHNGKTLDGNWNILRFIRGL
LSIFISI,1,2.07,...[FWY]..[LVI],SLPHELLSMTMLSIFISILNIYVMGVALQYVGKHS
ATKYALV,1,2.06,...[FWY]..[LVI],LAQRALDEATKYALVRKTSVSCL
CITFLLV,1,2.06,...[FWY]..[LVI],HMCLLCPKCITFLLVMADFGCVCVPHAVNNEMKAIT
MADFGCV,1,2.06,...[FWY]..[LVI],HMCLLCPKCITFLLVMADFGCVCVPHAVNNEMKAIT
LRMWNIF,1,2.06,...[FWY]..[WFY],MWNIFSKAGYGSLRVISSSGFSSWM
KAGYGSL,1,2.06,...[FWY]..[LVI],MWNIFSKAGYGSLRVISSSGFSSWM
SSGFSSW,1,2.06,...[FWY]..[WFY],MWNIFSKAGYGSLRVISSSGFSSWM
QLLFSEY,1,2.06,...[FWY]..[WFY],SQSLTPQQQPQYNLPERDKQLLFSEYNFEDLSASFR
EYNFEDL,1,2.06,...[FWY]..[LVI],SQSLTPQQQPQYNLPERDKQLLFSEYNFEDLSASFR
KEQYSRL,1,2.06,...[FWY]..[LVI],LSSSSRAGHQEKEQYSRLSGGGHYNSQKTLSTSSI
HRKFLLI,1,2.05,...[FWY]..[LVI],MTILESATHSRSHITAHRKFLLI
RNIFMGL,1,2.05,...[FWY]..[LVI],RSDIRNIFMGLDKIKKTACGFCL
PILYTIL,1,2.05,...[FWY]..[LVI],AQNSTPILYTILREQDAEGQDYCTRTALL
SFAYQWL,1,2.04,...[FWY]..[LVI],LQRIKYEEGKNKIGSESFAYQWLL
AEDWASF,1,2.03,...[FWY]..[WFY],MPLFATNPFDQDVEKATSEMNTAEDWASFWIL
GGRYLSI,1,2.02,...[FWY]..[LVI],PPTGGRYLSIGDGSGWSLSS
DENYMEF,1,2.01,...[FWY]..[WFY],PEGDENYMEFLEVLTEGLERVLLVRGGAVK
RERFSPI,1,2.01,...[FWY]..[LVI],LDKLLGAITTAAERNNRERFSPIVEV
LHDFFSY,1,2.01,...[FWY]..[WFY],QVKLHDFFSYLMDHFIPRATTTVTS
AVTWPSV,1,2.01,...[FWY]..[LVI],AMAYAVTWPSVARCCTVSSFPIRLAFL
SSQFLAV,1,2.0,...[FWY]..[LVI],PSSQFLAVGSYDGKVRILNT
QVSFPLV,1,2.0,...[FWY]..[LVI],LQTDYTSQVSFPLVPSASLESVERVLL
PLRYVTW,1,1.99,...[FWY]..[WFY],YVTWKLSGLPKHRVIGSGCNLDCSFSLPYG
LSKFDEW,1,1.99,...[FWY]..[WFY],SGSDGNFSEDVLSKFDEWTFIPDSSMDSVFAQSDDL
TKEYAQI,1,1.99,...[FWY]..[LVI],YIASPLGFTHKENLNQDPVLEVTKEYAQISS
SHIYANL,1,1.99,...[FWY]..[LVI],IADIHPIQVQPGRILSHIYANLVGIRI
PLRYLKY,1,1.98,...[FWY]..[WFY],YLKYINLKASEKLDYITYLSI
KLDYITY,1,1.98,...[FWY]..[WFY],YLKYINLKASEKLDYITYLSI
LHHYTYL,1,1.96,...[FWY]..[LVI],YKHSLHHYTYLPDAMDLELLRT
VSNFTTF,1,1.96,...[FWY]..[WFY],TFKAAVSNFTTFKAAGIFRTLKFQQYSV
AGIFRTL,1,1.96,...[FWY]..[LVI],TFKAAVSNFTTFKAAGIFRTLKFQQYSV
TLKFQQY,1,1.96,...[FWY]..[WFY],TFKAAVSNFTTFKAAGIFRTLKFQQYSV
TKMYFLI,1,1.96,...[FWY]..[LVI],AQPVEATGVPVGLSGTKMYFLII
REIYPLI,1,1.95,...[FWY]..[LVI],EIYPLITTVSRVSPCCRFLDAA
PLRYMRL,1,1.95,...[FWY]..[LVI],YMRLGSTKLSDKDKAVGISTLSSTRC
LQEFELL,1,1.95,...[FWY]..[LVI],LQTMNLTQKRLDVYLQEFELLYFS
PGGWSNL,1,1.95,...[FWY]..[LVI],RINNAFLDRLQGKSQPGGWSNLVAVGI
PLRFQNI,1,1.95,...[FWY]..[LVI],FQNIMRRTAQAVMNNTVTSSVVYPC
MNQWPGV,1,1.94,...[FWY]..[LVI],SVMNQWPGVTAGDRGLGRGRPPLRGVPAL
HQPFTLV,1,1.94,...[FWY]..[LVI],IHTGEKPYQCKECGKAFIRGSQLTQHQPFTLVKNR
RPSFTQV,1,1.94,...[FWY]..[LVI],DYFVNGGQDQPGARPSFTQVIVI
TLLFKAV,1,1.94,...[FWY]..[LVI],HTLLFKAVHSSLASSSRIWAWSLPR
LRLFKPL,1,1.93,...[FWY]..[LVI],LFKPLGPIIIDGKDQKSEPPTSLPQNVNV
DEPFEMI,1,1.93,...[FWY]..[LVI],QATPGVDSISGDLQPDTDEPFEMISSSVNVLGQQTL
RGAYASF,1,1.92,...[FWY]..[WFY],LSSSTFLGPGLGGKSGERGAYASFGRDQAWAA
PLAFHSL,1,1.91,...[FWY]..[LVI],LMQPLAFHSLVMQRGIFTSPTNS
KFIWGVF,1,1.91,...[FWY]..[WFY],MKFIWGVFGNRVINAKCAHVLPINTAII
LHSWTHV,1,1.9,...[FWY]..[LVI],MMEELHSWTHVGRNYWRPVFLV
RNYWRPV,1,1.9,...[FWY]..[LVI],MMEELHSWTHVGRNYWRPVFLV
MGPFMSI,1,1.9,...[FWY]..[LVI],WKNHMGPFMSILQEHIGVMKKKSSPPISLS
IEVFRGV,1,1.9,...[FWY]..[LVI],PAQKIEVFRGVLEQLRWFAGKQVKSVASLVGTSSL
SSDFTIL,1,1.9,...[FWY]..[LVI],PEQLQEHAIEDKETINNLDTSSSDFTILQEIEEPSL
EQDFVII,1,1.9,...[FWY]..[LVI],MSERTQEQDFVIITVDDSDDNNDCSIEMVEVSETAD
PQTFTKL,1,1.89,...[FWY]..[LVI],MYIPQTFTKLQRLPWFKSKSCFHLLC
KSCFHLL,1,1.89,...[FWY]..[LVI],MYIPQTFTKLQRLPWFKSKSCFHLLC
RTHYPDI,1,1.89,...[FWY]..[LVI],AFERTHYPDIYTREELAQLPS
ANTWRAL,1,1.89,...[FWY]..[LVI],VYSANTWRALMARVHTVHSRVLLSPSFTC
KYTFSRY,1,1.88,...[FWY]..[WFY],IVLAKINSVNQSDVKYKETFNKAKGKYTFSRYTTY
PLLYQQY,1,1.88,...[FWY]..[WFY],IPTVHTSPQLINTTAKVPVPLLYQQYH
ALNYTQW,1,1.87,...[FWY]..[WFY],IKENHKNIPLALNYTQWEEIPCLKPAVSCGH
PTSWMPI,1,1.87,...[FWY]..[LVI],LQHLWTPTSWMPIVSLSKSSTSTASTSPA
LRAWGTW,1,1.86,...[FWY]..[WFY],AWGTWGPGAEPEDWGILGREEARTTPGREEARAILD
PEDWGIL,1,1.86,...[FWY]..[LVI],AWGTWGPGAEPEDWGILGREEARTTPGREEARAILD
NLVFVNF,1,1.86,...[FWY]..[WFY],LASYLHGHEPSNLVFVNFLKRGLFHN
QKGFRLV,1,1.86,...[FWY]..[LVI],QKGFRLVGLKFMQASEDLLKEHYVT
AKIFKPL,1,1.86,...[FWY]..[LVI],FLAKIFKPLFLQRLQGKESHLDTLNRAQLTQLFLA
LGYWRMF,1,1.85,...[FWY]..[WFY],NKLQNLAHRVITANRLGYWRMF
DGLWDVL,1,1.85,...[FWY]..[LVI],TDGLWDVLSNEEVAEAITQFLPNCDPDDPHRYTLAA
LRDYTSV,1,1.85,...[FWY]..[LVI],DYTSVMHYSKLHSKMVQSRRLSHVSQTLRM
VMHYSKL,1,1.85,...[FWY]..[LVI],DYTSVMHYSKLHSKMVQSRRLSHVSQTLRM
SSLFNMI,1,1.85,...[FWY]..[LVI],WTKGPEKSVEVPKESSSLFNMI
IWQFSSL,1,1.85,...[FWY]..[LVI],IWQFSSLFSKIKSWEFNEVTSMSST
SSLFSKI,1,1.85,...[FWY]..[LVI],IWQFSSLFSKIKSWEFNEVTSMSST
SWEFNEV,1,1.85,...[FWY]..[LVI],IWQFSSLFSKIKSWEFNEVTSMSST
SGSFNAL,1,1.85,...[FWY]..[LVI],SLHLLSPGSHSLFTRAILQSGSFNALGR
ARTFFKI,1,1.84,...[FWY]..[LVI],ICARTFFKITAPLINKRKEYSERRILGYSMQEV
ENDWEEV,1,1.84,...[FWY]..[LVI],TMNEDSNEEEEESENDWEEVEELELSEPVLGDVRESTA
KKFWQCW,1,1.84,...[FWY]..[WFY],PVLEGQRLVALKKFWQCWPSISLAGR
ALAYGIY,1,1.83,...[FWY]..[WFY],TAVALAYGIYKQDLPPLDEKPRNVVFIV
SAVFSLL,1,1.83,...[FWY]..[LVI],AASFHSAVFSLLKANNPWPASTSCCVPTARRPLSL
NGEWEIV,1,1.83,...[FWY]..[LVI],DQDVDTRDFFDNGEWEIVSATGSKGNRTDSCCWYPY
SCCWYPY,1,1.83,...[FWY]..[WFY],DQDVDTRDFFDNGEWEIVSATGSKGNRTDSCCWYPY
SVTFDDV,1,1.83,...[FWY]..[LVI],MVEDYLANSYQDSVTFDDVAVEFTPEEWALLDTTEK
PEEWALL,1,1.83,...[FWY]..[LVI],MVEDYLANSYQDSVTFDDVAVEFTPEEWALLDTTEK
TREWVVL,1,1.82,...[FWY]..[LVI],LSAGGPLANPEVDTREWVVLGKGLSRSALFRSRVR
REYFAAL,1,1.82,...[FWY]..[LVI],EYFAALMTTMEAVESPESLAPLLTC
SRQYDKF,1,1.81,...[FWY]..[WFY],SGAIVDLISRQYDKFLTHFI
TLQYNIY,1,1.81,...[FWY]..[WFY],LNRYAVEGRDLTLQYNIYNVGSSAALDVGTV
HQEYKLL,1,1.81,...[FWY]..[LVI],VNLPRFWESHACLACDHVKRHQEYKLLVI
VRNFLKL,1,1.81,...[FWY]..[LVI],LLIRGWNACPEVVRNFLKLS
ALSWNHF,1,1.8,...[FWY]..[WFY],ALSWNHFILSSGSRLGRVYHHDVG
VEKFPFV,1,1.79,...[FWY]..[LVI],LMPILVEKFPFVRKSERTGMLRS
DLSYNNV,1,1.79,...[FWY]..[LVI],HLESLTLTGTKISSIPNNLCQEQKMLRTLDLSYNNV
SPPFPLI,1,1.79,...[FWY]..[LVI],KASPPFPLISNAQALAQEVQTF
EMDFEII,1,1.79,...[FWY]..[LVI],EYEEENEEEDAEKWNEMDFEIIETNDTMRHSIIETS
LQRFHKF,1,1.79,...[FWY]..[WFY],INGTEWTRQLVMKKMVPTCMLQRFHKFLV
MTEYKLV,1,1.79,...[FWY]..[LVI],MTEYKLVVVGAGGVGKSALRFS
SYPFTTL,1,1.78,...[FWY]..[LVI],PNAGKSSLLRAISNARPAVASYPFTTLKPHVGIVH
HGAFLSY,1,1.77,...[FWY]..[WFY],MDLAKHLPHAFSKLETHGAFLSY
KAIFEKV,1,1.77,...[FWY]..[LVI],QAKAIFEKVKRFRMHVEQKDTFIVYI
KDTFIVY,1,1.77,...[FWY]..[WFY],QAKAIFEKVKRFRMHVEQKDTFIVYI
QQNFHLY,1,1.77,...[FWY]..[WFY],LTGLLTLGVNGHGQQNFHLY
DGLYEFL,1,1.77,...[FWY]..[LVI],PLEQVADDGLYEFLDFVDATDRYRSLWV
TDRYRSL,1,1.77,...[FWY]..[LVI],PLEQVADDGLYEFLDFVDATDRYRSLWV
PLWYLRF,1,1.77,...[FWY]..[WFY],IQGSLQDIFKFARTSPSHVKSVPLWYLRF
KAPFKSY,1,1.77,...[FWY]..[WFY],GMRALSLAKNNSLMPMSKAPFKSY
SNPFAHL,1,1.76,...[FWY]..[LVI],MSNPFAHLAEPLDPVQPGKKFLI
SLDYDFL,1,1.76,...[FWY]..[LVI],KALGPLLAGTGVRPPNMSLDYDFLRNGASRNAA
NPSFWQI,1,1.76,...[FWY]..[LVI],IPSESKGFRAALSSNPSFWQIHSLVSQLKPH
IMSFASV,1,1.76,...[FWY]..[LVI],AVQYFWDRGHRDIMSFASVALQ
QKVFMSL,1,1.75,...[FWY]..[LVI],ILKSDAAKPLLGHDAVIQALAQKVFMSLTRKNW
LTRYLNW,1,1.74,...[FWY]..[WFY],LTRYLNWIGVPTREFNVGQYRRDVVKTYKSFEFL
VKTYKSF,1,1.74,...[FWY]..[WFY],LTRYLNWIGVPTREFNVGQYRRDVVKTYKSFEFL
GLRFLSF,1,1.73,...[FWY]..[WFY],LSGPVTRLALSTSSRPLSALGLRFLSFK
TPAYGSV,1,1.73,...[FWY]..[LVI],FYNHKTSVFTPAYGSVTNVRINSTMTTPQV
GDGFTIL,1,1.72,...[FWY]..[LVI],SEDGPGDGFTILSSKSLVLGQKLSLTDISHIGST
EQLFYRI,1,1.72,...[FWY]..[LVI],EQLFYRIAHLNPVSSICCGWPPSPLPAGATAARR
DENFVDL,1,1.72,...[FWY]..[LVI],SPVVERLGFDENFVDLTEMVEKRLQQLQSDELSAVT
RGFWTGL,1,1.71,...[FWY]..[LVI],GFWTGLGTGGILGYLFGSNRAATPFSDSWYYPSYPP
SWYYPSY,1,1.71,...[FWY]..[WFY],GFWTGLGTGGILGYLFGSNRAATPFSDSWYYPSYPP
PLTFSDV,1,1.71,...[FWY]..[LVI],MARVPLTFSDVAIASLRRSGNI
TNVFTLV,1,1.71,...[FWY]..[LVI],GKALSVPPTLFVTNVFTLVNVHMSAVNVGRPTA
TSPWQYL,1,1.71,...[FWY]..[LVI],HAHSQSAEAERPANTSPWQYLAL
EVRFTNV,1,1.71,...[FWY]..[LVI],EVRFTNVPERTQIDVGRILYSV
DAEFVIL,1,1.7,...[FWY]..[LVI],MPNTSVVLDTDAEFVILLLFLLLLFFFFRASFA
LLLFLLL,1,1.7,...[FWY]..[LVI],MPNTSVVLDTDAEFVILLLFLLLLFFFFRASFA
LLLFFFF,1,1.7,...[FWY]..[WFY],MPNTSVVLDTDAEFVILLLFLLLLFFFFRASFA
AAGYNNL,1,1.7,...[FWY]..[LVI],HLAAGYNNLEVAEYLLEHGADVNAQTRVV
NGAFMVL,1,1.7,...[FWY]..[LVI],RVVNGAFMVLKGHRSIVNQARFNPHTYMICSLV
QQRYSTI,1,1.7,...[FWY]..[LVI],MSQAVQQRYSTIKQNMGTQFI
